"country","subregion","region","smartphone_adoption","happiness","literacy","discrimination_index","homicide_rate","education","income","gini","suicide_rate","gun_deaths","internet_speed","population","gender_equality","social_progress","human_needs","well_being","opportunity","life_expectancy","terrorism_score","peace_index","satisfaction","web_index"
"1","United Arab Emirates","Western Asia","Asia",73.8,7.039,93.8,4.3,2.6,0.673,NA,"",3.2,NA,4.7,9457428,0.6436,72.79,89.63,74.16,54.59,76,1.05,1.805,246.67,44.9
"2","South Korea","Eastern Asia","Asia",73,6.267,NA,3.1,0.9,NA,29357,"31.3",28.9,0.06,25.3,51515399,NA,77.7,89.11,75.6,68.4,NA,0,1.701,193.33,92.81
"3","Saudi Arabia","Western Asia","Asia",72.8,6.48,94.6,NA,0.8,0.721,NA,"",0.4,NA,NA,31521418,0.6059,64.27,82.87,70.46,39.49,76,4,2.042,243.33,27.72
"4","Singapore","South-Eastern Asia","Asia",71.7,6.849,96.8,2.7,0.2,0.759,NA,"",7.4,0.16,12.2,5535000,0.7046,NA,NA,NA,62.83,83,0,1.49,230,75.16
"5","Norway","Northern Europe","Europe",67.5,7.522,NA,3.6,2.2,0.91,31208,"25.8",9.1,1.75,11.4,5205434,0.8374,88.36,94.8,88.46,81.82,82,2.74,1.393,246.67,97.32
"6","Australia","Australasia","Oceania",64.6,7.35,NA,3.6,1.1,0.927,42617,"30.5",10.6,1.03,6.9,23991100,0.7409,86.42,93.73,79.98,85.55,83,3.12,1.329,243.33,87.27
"7","Sweden","Northern Europe","Europe",62.9,7.378,NA,1,0.7,0.83,25196,"25.0",11.1,1.47,14.1,9838480,0.8165,88.06,94.83,86.43,82.93,82,3.08,1.36,256.67,94.97
"8","Hong Kong","Eastern Asia","Asia",62.8,5.523,NA,NA,0.9,0.767,NA,"",NA,0.03,16.3,NA,NA,NA,NA,NA,NA,NA,NA,NA,220,NA
"9","United Kingdom","Northern Europe","Europe",62.2,6.967,NA,5,1,0.86,30064,"38.0",6.2,0.23,10.7,64800000,0.7383,84.68,92.22,79.04,82.78,81,5.61,1.685,236.67,95.67
"10","Denmark","Northern Europe","Europe",59,7.527,NA,3.4,0.8,0.873,34797,"28.1",8.8,1.28,11.2,5699220,0.8025,86.63,96.03,82.63,81.23,80,0.09,1.15,273.33,100
"11","Ireland","Northern Europe","Europe",57,7.076,NA,1.6,1.2,0.887,48073,"34.3",11,NA,13.9,4635400,0.785,84.66,93.68,76.34,83.97,81,3.66,1.354,253.33,78.28
"12","Israel","Western Asia","Asia",56.6,7.301,NA,NA,1.8,0.854,24084,"39.2",5.9,1.87,11.4,8434600,0.7005,72.6,86.96,72.99,57.85,82,6.03,2.781,223.33,75.46
"13","Canada","Northern America","Americas",56.4,7.088,NA,3.1,1.4,0.85,37469,"33.7",9.8,2.22,10.3,35851774,0.7464,86.89,94.89,79.22,86.58,82,2.3,1.287,253.33,85.82
"14","United States","Northern America","Americas",56.4,7.143,NA,4.2,3.8,0.89,45582,"41.1",12.1,10.64,11.5,322425000,0.7463,82.85,91.23,75.15,82.18,79,4.61,NA,246.67,94.52
"15","Spain","Southern Europe","Europe",55.4,6.322,98,5.8,0.8,0.794,22866,"34.7",5.1,0.62,7.8,46439864,0.7325,81.17,91.09,76.79,75.62,83,2.62,1.451,233.33,74.53
"16","Switzerland","Western Europe","Europe",54,7.587,NA,3.5,0.6,0.844,48414,"33.7",9.2,3.08,14.5,8279700,0.7798,87.97,95.66,86.5,81.75,83,1.35,1.275,273.33,84.73
"17","New Zealand","Australasia","Oceania",53.6,7.364,NA,3.5,0.9,0.917,NA,"36.2",9.6,1.45,7,4639010,0.7772,87.08,92.87,82.77,85.61,82,1.19,1.221,246.67,87.48
"18","Netherlands","Western Europe","Europe",52,7.389,NA,4.1,0.9,0.894,32120,"30.9",8.2,0.46,14,16976600,0.773,86.5,94.8,83.81,80.88,81,0.43,1.432,250,91.84
"19","Taiwan","Eastern Asia","Asia",50.8,6.221,NA,NA,3,NA,NA,"",NA,0.87,9.5,23476640,NA,NA,NA,NA,NA,NA,0.15,1.657,220,NA
"20","Austria","Western Europe","Europe",48,7.221,NA,4.3,0.9,0.794,28051,"26.0",11.5,2.63,10.4,8623073,0.7266,84.45,95.04,82.53,75.77,81,2.09,1.198,260,86
"21","China","Eastern Asia","Asia",46.9,NA,96.3,NA,1,0.61,NA,"37.0",7.8,NA,3.8,1373710000,0.683,59.07,73.74,65.4,38.08,75,6.29,NA,210,45.97
"22","Slovakia","Eastern Europe","Europe",45.9,5.969,99.6,5,1.4,0.802,NA,"26.0",10.1,1.75,8.6,5421349,NA,78.45,92.19,78.8,64.35,76,NA,1.478,180,NA
"23","Finland","Northern Europe","Europe",45.5,7.406,NA,1.4,1.6,0.815,24931,"26.9",14.8,3.5,11.7,5494379,0.8453,86.75,95.05,82.58,82.63,81,0,1.277,256.67,98.81
"24","France","Western Europe","Europe",42.3,6.562,NA,5.9,1,0.816,22718,"32.7",12.3,2.83,6.9,67128000,0.7588,80.82,91.16,78.83,72.46,82,4.55,1.742,220,89.09
"25","Czech Republic","Eastern Europe","Europe",41.6,6.519,NA,3.8,0.9,0.866,16626,"26.0",12.5,2.01,12.3,10541466,0.6737,80.59,94.23,79.04,68.49,78,2.46,1.341,213.33,65.5
"26","Czech Republic","Eastern Europe","Europe",41.6,6.29,NA,3.8,0.9,0.866,16626,"26.0",12.5,2.01,12.3,10541466,0.6737,80.59,94.23,79.04,68.49,78,2.46,1.341,213.33,65.5
"27","Italy","Southern Europe","Europe",41.3,6.021,99.1,4.7,0.9,0.79,21096,"36.0",4.7,1.31,5.5,60725000,0.6973,77.38,88.39,77,66.76,83,3.36,1.669,230,63.83
"28","Germany","Western Europe","Europe",39.8,6.672,NA,4.3,0.8,0.884,28636,"30.6",9.2,1.01,8.7,81292400,0.778,84.04,94.12,81.5,76.49,81,3.44,1.379,240,86.19
"29","South Africa","Southern Africa","Africa",39.8,NA,94.2,5.7,31,0.695,NA,"65.0",3,6.88,3.6,54956900,0.7527,65.64,64.59,69.94,62.38,59,4.23,2.376,190,45.82
"30","Philippines","South-Eastern Asia","Asia",38.7,NA,96.2,NA,8.8,0.61,NA,"43.0",2.9,8.9,2.5,102494100,0.7814,65.46,68.23,68.86,59.3,69,7.27,2.462,213.33,48.87
"31","Mexico","Central America","Americas",36.8,7.144,94.3,NA,21.5,0.638,NA,"48.1",4.2,15.37,4.1,121005000,0.69,67.5,72.81,68.82,60.88,76,3.99,2.53,230,55.34
"32","Russia","Eastern Europe","Europe",36.2,5.464,99.7,8.2,9,NA,NA,"39.7",19.5,NA,9.1,146466130,NA,63.64,74.1,67.63,49.19,NA,6.21,2.954,143.33,58.17
"33","Poland","Eastern Europe","Europe",35,5.822,99.7,3.8,0.8,0.825,15768,"34.1",16.6,0.26,8.6,38484000,0.7051,77.98,86.67,77.19,70.07,77,0,1.43,196.67,58.81
"34","Malaysia","South-Eastern Asia","Asia",34.5,5.76,94.6,NA,2.3,0.671,NA,"46.2",3,NA,4.1,30795400,0.652,69.55,86.13,74.87,47.66,74,3.58,1.561,246.67,48.34
"35","Hungary","Eastern Europe","Europe",34.4,NA,99,4.1,2.7,0.805,13419,"31.2",19.1,0.95,8.8,9849000,0.6759,74.8,88.8,70.4,65.21,75,1.19,1.463,190,66.12
"36","Belgium","Western Europe","Europe",33.5,7.054,NA,4.1,1.6,0.812,28015,"33.0",14.2,1.89,11.4,11280134,0.7809,82.83,93.73,76.57,78.19,80,1.98,1.365,243.33,89.61
"37","Greece","Southern Europe","Europe",32.5,5.435,97.6,4.8,1.7,0.797,15061,"34.3",3.8,1.52,NA,10846979,0.6784,74.03,87.64,74.53,59.91,81,4.98,1.878,210,60.91
"38","Portugal","Southern Europe","Europe",32.1,5.101,95.6,2.3,1.2,0.728,16664,"38.5",8.2,1.58,8,10374822,0.7243,81.91,92.81,76.17,76.76,81,0.27,1.344,203.33,73.33
"39","Thailand","South-Eastern Asia","Asia",31,6.371,96.6,NA,5,0.608,NA,"40.0",11.4,NA,6.6,65104000,0.7027,66.34,75.77,72.35,50.9,75,7.28,2.303,216.67,39.2
"40","Argentina","South America","Americas",30.7,6.546,98,5,5.5,0.783,NA,"42.3",10.3,9.63,4.2,43131966,0.7317,73.08,80.51,73.57,65.17,76,1.67,1.865,226.67,60.74
"41","Turkey","Western Asia","Asia",29.6,5.344,95,NA,2.6,0.652,NA,"39.0",7.9,NA,5.5,77695904,0.6183,66.24,81.5,66.61,50.61,75,5.74,2.363,176.67,53.3
"42","Romania","Eastern Europe","Europe",27.9,NA,98.7,NA,1.5,0.748,NA,"30.0",10.5,0.14,11.3,19942642,0.6936,68.37,77.35,71.53,56.24,74,0,1.542,173.33,NA
"43","Brazil","South America","Americas",26.3,7.427,92.5,5.9,25.2,0.661,NA,"52.7",5.8,19.72,2.9,205329000,0.6941,70.89,71.14,76.21,65.33,74,2.21,2.122,210,60.19
"44","Japan","Eastern Asia","Asia",24.7,6.064,NA,3.8,0.3,0.808,26122,"38.1",18.5,0.06,15,126890000,0.6584,83.15,95.01,78.78,75.66,84,0,1.323,206.67,79
"45","Vietnam","South-Eastern Asia","Asia",19.7,5.533,94.5,5.7,3.3,0.513,NA,"35.6",NA,NA,2.5,90730000,0.6915,NA,74.19,NA,36.28,76,0,1.848,203.33,24.89
"46","India","Southern Asia","Asia",19.2,NA,72.1,NA,3.5,0.473,NA,"33.6",21.1,0.28,2,1281440000,0.6455,53.06,58.87,57.38,42.93,66,7.75,2.504,180,44.6
"47","India","Southern Asia","Asia",19.2,NA,72.1,NA,3.5,0.473,NA,"33.6",21.1,0.28,2,1281440000,0.6455,53.06,58.87,57.38,42.93,66,0,2.504,180,44.6
"48","Ukraine","Eastern Europe","Europe",14.4,NA,99.7,5.9,4.3,0.796,NA,"26.4",16.8,0.2,NA,42800501,0.7056,65.69,78.28,61.74,57.05,71,7.2,2.845,120,45.2
"49","Indonesia","South-Eastern Asia","Asia",14,5.348,93.8,NA,0.6,0.603,NA,"34.0",4.3,NA,3.7,255461700,0.6725,60.47,66.52,69.54,45.35,71,4.76,1.768,220,39.37
"50","Iceland","Northern Europe","Europe",NA,7.561,NA,1,0.3,0.847,NA,"",14,1.25,NA,331310,0.8594,87.62,95,86.11,81.73,82,1.22,1.148,260,93.72
"51","Costa Rica","Central America","Americas",NA,7.257,97.7,4.1,8.5,0.654,NA,"48.6",6.7,7.5,2.7,4773130,0.7165,77.88,84.22,78.83,70.59,79,0,1.654,250,60.38
"52","Luxembourg","Western Europe","Europe",NA,7.082,NA,2.8,0.8,0.762,47716,"30.8",8.7,1.19,NA,562958,0.7333,NA,NA,82.42,81.95,82,NA,NA,253.33,NA
"53","Oman","Western Asia","Asia",NA,6.883,94.7,2.7,1.1,0.603,NA,"",1,NA,NA,4305346,0.6091,NA,NA,70.47,NA,76,0,1.947,243.33,NA
"54","Venezuela","South America","Americas",NA,6.853,95.3,NA,53.7,0.682,NA,"44.8",2.6,50.9,1.3,30620404,0.6851,63.45,66.12,74.69,49.55,76,2.14,2.493,246.67,29.79
"55","Panama","Central America","Americas",NA,6.764,95,5,17.2,0.657,NA,"51.9",4.7,15.86,2.9,3764166,0.7195,71.79,75.91,77.55,61.9,77,0,1.903,240,NA
"56","Chile","South America","Americas",NA,6.666,97.2,3.5,3.1,0.746,NA,"50.8",12.2,2.55,4.1,18006407,0.6975,78.29,86.32,74.85,73.69,80,3.97,1.563,216.67,74.18
"57","Qatar","Western Asia","Asia",NA,6.587,97.7,4.9,1.1,0.686,NA,"41.1",4.6,0.15,NA,2463460,0.6403,NA,NA,70.6,52.15,79,0,1.568,233.33,38.01
"58","Kuwait","Western Asia","Asia",NA,6.515,96.1,4.6,0.4,0.646,NA,"",0.9,0.36,NA,4183658,0.6457,69.19,86.28,73.96,47.35,78,0.02,1.626,240,NA
"59","Cyprus","Western Asia","Asia",NA,6.466,99,NA,2,0.776,NA,"",4.7,1.87,NA,847000,0.6741,77.45,89.3,75.95,67.11,82,3.08,1.924,230,NA
"60","Colombia","South America","Americas",NA,6.416,94.6,NA,30.8,0.602,NA,"53.5",5.4,25.43,3.4,48435100,0.7122,68.85,70.98,77.3,58.26,79,6.66,2.72,240,57.12
"61","Uruguay","South America","Americas",NA,6.355,98.4,2.8,7.9,0.712,NA,"41.3",12.1,15.36,5.5,3415866,0.6871,79.21,86.18,75.03,76.41,77,0,1.721,210,66.1
"62","Suriname","South America","Americas",NA,6.269,95.5,NA,6.1,0.588,NA,"52.9",27.8,NA,NA,534189,0.6504,NA,NA,75.4,58.02,77,NA,NA,243.33,NA
"63","Slovenia","Southern Europe","Europe",NA,6.06,99.7,3.3,0.7,0.863,24750,"31.2",12.4,2.49,NA,2068959,0.7443,81.62,92.88,80.87,71.12,80,0,1.378,220,NA
"64","Guatemala","Central America","Americas",NA,5.965,79.3,NA,39.9,0.484,NA,"52.4",8.7,29.62,NA,16176133,0.6821,62.19,69.32,68.96,48.29,72,2.01,2.215,233.33,NA
"65","Malta","Southern Europe","Europe",NA,5.964,94.1,4,2.8,0.733,NA,"",6,NA,NA,445426,0.6707,NA,NA,73.61,70.38,81,NA,NA,250,NA
"66","Ecuador","South America","Americas",NA,5.865,94.4,NA,12.4,0.594,NA,"46.6",9.2,NA,3.6,16278844,0.7455,68.25,73.56,76.46,54.72,75,0.58,1.997,186.67,42.57
"67","Bolivia","South America","Americas",NA,5.857,95.6,NA,12.1,0.674,NA,"46.6",12.2,0.74,1.1,11410651,0.7049,63.36,67.24,70.86,51.98,68,0.08,2.025,183.33,NA
"68","Moldova","Eastern Europe","Europe",NA,5.791,99.3,NA,5,NA,NA,"33.0",13.7,1.03,NA,3555200,0.7405,63.68,77.65,64.85,48.54,NA,0.04,1.942,116.67,NA
"69","Paraguay","South America","Americas",NA,5.779,95.5,NA,9.7,0.587,NA,"48.0",6.1,6.64,1.3,7003406,0.689,67.1,71.11,71.11,59.09,75,4.09,2.023,216.67,NA
"70","Peru","South America","Americas",NA,5.776,94.4,NA,9.6,0.664,NA,"45.3",3.2,5.31,3.6,31151643,0.7198,67.23,69.89,73.89,57.92,77,3.32,2.029,186.67,46.62
"71","Kazakhstan","Central Asia","Asia",NA,5.671,99.7,NA,7.8,0.762,NA,"29.0",23.8,NA,NA,17630700,0.721,61.38,77.17,58.21,48.75,68,1.88,2.008,193.33,35.65
"72","Croatia","Southern Europe","Europe",NA,5.661,99.2,5.3,1.2,0.77,NA,"33.7",11.6,2.68,NA,4225316,0.7075,73.3,87.49,76.09,56.32,78,0.12,1.55,196.67,NA
"73","Turkmenistan","Central Asia","Asia",NA,5.628,99.6,NA,12.8,0.679,NA,"40.8",19.6,NA,NA,4751120,NA,NA,75.82,NA,NA,63,0,2.135,133.33,NA
"74","Uzbekistan","Central Asia","Asia",NA,5.623,99.5,NA,3.7,0.651,NA,"36.7",8.5,NA,NA,31022500,NA,59.71,79.31,54.25,45.56,69,0,2.187,213.33,NA
"75","Angola","Middle Africa","Africa",NA,5.589,71.1,NA,10,0.474,NA,"58.6",13.8,NA,NA,24383301,0.6311,40,41.27,52.2,26.51,51,0.24,2.02,160,NA
"76","Albania","Southern Europe","Europe",NA,5.55,97.6,4.8,5,0.609,NA,"29.0",5.9,NA,NA,2893005,0.6869,68.19,80.71,73.64,50.23,74,2.12,1.821,153.33,NA
"77","Nicaragua","Central America","Americas",NA,5.507,82.8,5.9,11.3,0.484,NA,"40.5",10,5.11,NA,6198154,0.7894,62.2,65.87,72.17,48.58,73,2.93,1.947,210,NA
"78","Belarus","Eastern Europe","Europe",NA,5.504,99.7,NA,3.6,0.82,NA,"26.5",18.3,0.23,NA,9494200,NA,64.98,83.03,66.72,45.19,72,2.13,2.163,133.33,NA
"79","Mauritius","Eastern Africa","Africa",NA,5.477,90.6,3.5,2.8,0.718,NA,"",8,NA,NA,1261208,0.6541,73.66,88.02,72.09,60.88,74,0,1.503,216.67,49.6
"80","North Cyprus",NA,NA,NA,5.463,NA,NA,NA,NA,NA,NA,NA,NA,NA,NA,NA,NA,NA,NA,NA,NA,NA,NA,NA,NA
"81","Lithuania","Northern Europe","Europe",NA,5.426,99.8,3.7,6.7,0.877,NA,"37.6",28.2,NA,NA,2893336,0.7208,74,83.75,74.79,63.47,74,0,1.674,156.67,NA
"82","Estonia","Northern Europe","Europe",NA,5.426,99.8,5.9,5,0.859,12421,"36.0",13.6,2.67,NA,1313271,0.7017,80.49,88.44,79.61,73.42,77,0.08,1.677,170,85.05
"83","Algeria","Northern Africa","Africa",NA,5.422,80.1,NA,0.7,0.643,NA,"35.3",1.9,NA,NA,39500000,0.6182,60.66,78.88,66.22,36.87,72,4.75,2.131,173.33,NA
"84","Jordan","Western Asia","Asia",NA,5.414,96.6,NA,2,0.7,NA,"35.4",2,NA,NA,7595000,0.5968,63.31,82.63,64.93,42.38,74,1.75,1.944,170,27.43
"85","Jamaica","Caribbean","Americas",NA,5.374,88.6,4,39.3,0.668,NA,"45.5",1.2,30.72,NA,2717991,0.7128,69.83,70.52,72.84,66.14,74,0.23,2.153,233.33,44.5
"86","Libya","Northern Africa","Africa",NA,5.34,91,NA,1.7,0.698,NA,"",1.8,NA,NA,6278000,NA,NA,NA,56.43,NA,75,7.29,2.819,190,NA
"87","Bahrain","Western Asia","Asia",NA,5.312,95.7,NA,0.5,0.714,NA,"",8.1,NA,NA,1359800,0.6261,NA,NA,67.17,46.94,77,4.87,2.142,240,36.41
"88","Montenegro","Southern Europe","Europe",NA,5.299,98.7,NA,2.7,0.774,NA,"30.0",15.3,8.91,NA,621207,NA,69.01,81.89,72.09,53.04,76,0.66,1.854,NA,NA
"89","Pakistan","Southern Asia","Asia",NA,5.292,58.6,NA,7.7,0.322,NA,"30.0",9.3,NA,NA,192199336,0.5522,45.66,56.37,50.71,29.9,65,9.07,3.049,143.33,17.76
"90","Nigeria","Western Africa","Africa",NA,5.248,59.5,NA,20,0.425,NA,"43.0",6.5,NA,NA,182202000,0.6391,43.31,39.04,61.51,29.37,54,9.21,2.91,183.33,28.09
"91","Kosovo","Southern Europe","Europe",NA,5.222,NA,NA,3.6,NA,NA,"",NA,NA,NA,1827231,NA,NA,NA,NA,NA,NA,3.02,1.938,NA,NA
"92","Honduras","Central America","Americas",NA,5.142,88.4,5.8,90.4,0.505,NA,"57.4",5.5,67.18,NA,8576532,0.6935,61.44,65.29,72.71,46.32,74,2.08,2.21,240,NA
"93","Afghanistan","Southern Asia","Asia",NA,NA,38.1,NA,6.5,0.365,NA,"27.8",5.7,NA,NA,26023100,NA,35.4,37.17,46.5,22.51,60,9.23,3.427,NA,NA
"94","Andorra","Southern Europe","Europe",NA,NA,NA,NA,1.3,0.67,NA,NA,NA,NA,NA,76949,NA,NA,NA,NA,NA,83,NA,NA,NA,NA
"95","Antigua and Barbuda","Caribbean","Americas",NA,NA,NA,4.1,11.2,0.681,NA,NA,NA,NA,NA,86295,NA,NA,NA,NA,NA,75,NA,NA,246.67,NA
"96","Armenia","Western Asia","Asia",NA,NA,99.7,5.7,1.8,0.701,NA,"30.3",2.9,NA,NA,3004000,0.6622,65.7,82.6,69.28,45.24,71,0.12,2.028,123.33,NA
"97","Azerbaijan","Western Asia","Asia",NA,NA,99.8,NA,2.1,0.7,NA,"33.7",1.7,0.3,NA,9676500,0.6753,62.62,76.43,68.03,43.41,72,1.38,2.325,163.33,NA
"98","Bahamas","Caribbean","Americas",NA,NA,NA,4.4,29.8,0.714,NA,NA,2.3,NA,NA,NA,0.7269,NA,NA,NA,NA,75,NA,NA,NA,NA
"99","Bangladesh","Southern Asia","Asia",NA,NA,61.5,NA,2.7,0.447,NA,"32.1",7.8,NA,NA,159528000,0.6973,53.39,61.94,62.73,35.5,70,5.92,1.997,190,28
"100","Barbados","Caribbean","Americas",NA,NA,NA,4.4,7.4,0.74,NA,NA,2.3,3.12,NA,285000,0.7289,NA,NA,NA,NA,78,NA,NA,243.33,NA
"101","Belize","Central America","Americas",NA,NA,82.6,4.4,44.7,0.689,NA,"53.1",2.6,NA,NA,368310,0.6701,NA,NA,65.56,NA,75,NA,NA,230,NA
"102","Benin","Western Africa","Africa",NA,NA,38.4,3.6,8.4,0.414,NA,"43.5",5.7,NA,NA,10315244,NA,50.04,50.41,58.96,40.73,59,0,1.958,180,15.75
"103","Bhutan","Southern Asia","Asia",NA,NA,64.8,NA,1.7,0.421,NA,"38.7",17.8,NA,NA,768100,0.6364,NA,NA,69.17,NA,68,0.31,1.416,253.33,NA
"104","Bosnia and Herzegovina","Southern Europe","Europe",NA,NA,98.4,NA,1.3,0.655,NA,"36.2",10.8,NA,NA,3791622,NA,66.15,85.78,70.35,42.33,77,1.52,1.839,170,NA
"105","Botswana","Southern Africa","Africa",NA,NA,88.4,4.8,18.4,0.619,NA,"61.0",3.8,NA,NA,2141206,0.7129,65.22,65.51,71.69,58.46,62,0,1.597,180,28.44
"106","Brunei Darussalam",NA,NA,NA,NA,96.4,NA,NA,0.692,NA,NA,NA,NA,NA,NA,0.6719,NA,NA,NA,NA,77,NA,NA,NA,NA
"107","Bulgaria","Eastern Europe","Europe",NA,NA,98.3,4.6,1.5,0.749,NA,"34.3",10.8,1.71,NA,7202198,0.7444,70.19,84.73,69.57,56.29,74,2.42,1.607,143.33,NA
"108","Burkina Faso","Western Africa","Africa",NA,NA,36,5.3,8,0.25,NA,"39.8",4.8,NA,NA,18450494,0.65,48.82,46.56,57.79,42.11,58,0.31,1.994,156.67,13.72
"109","Burundi","Eastern Africa","Africa",NA,NA,85.6,NA,8,0.37,NA,"33.3",23.1,NA,NA,9823827,0.7565,NA,NA,46.63,32.2,56,3.34,2.323,100,NA
"110","Cabo Verde",NA,NA,NA,NA,87.5,NA,NA,NA,NA,NA,4.8,NA,NA,NA,NA,NA,NA,NA,NA,74,NA,NA,NA,NA
"111","Cambodia","South-Eastern Asia","Asia",NA,NA,77.1,NA,6.5,0.495,NA,"37.9",9.4,NA,NA,15405157,0.652,53.96,53.86,67.52,40.52,72,0.15,2.179,186.67,NA
"112","Cameroon","Middle Africa","Africa",NA,NA,74.9,NA,7.6,0.486,NA,"38.9",7,NA,NA,23344000,NA,47.42,48.48,58.15,35.61,56,6.47,2.349,170,9.71
"113","Central African Republic","Middle Africa","Africa",NA,NA,36.7,NA,11.8,0.318,NA,"56.3",9.5,NA,NA,4900000,NA,31.42,26.81,44.84,22.62,51,6.72,3.332,163.33,NA
"114","Chad","Middle Africa","Africa",NA,NA,40.1,NA,7.3,0.256,NA,"39.8",4.7,NA,NA,14037000,0.5764,33.17,28.09,44.12,27.3,51,2.14,2.429,150,NA
"115","Comoros","Eastern Africa","Africa",NA,NA,77.7,5.3,10,0.45,NA,"64.3",16.9,NA,NA,784745,NA,NA,NA,55.01,42.51,62,NA,NA,196.67,NA
"116","Congo","Middle Africa","Africa",NA,NA,79.3,NA,12.5,0.511,NA,"47.3",9.6,NA,NA,NA,NA,49.6,40.67,66.56,41.58,59,0.82,NA,NA,NA
"117","Congo, Democratic Republic of the",NA,NA,NA,NA,77.2,NA,NA,NA,NA,NA,NA,NA,NA,NA,NA,NA,NA,NA,NA,NA,NA,NA,NA,NA
"118","Côte d'Ivoire",NA,NA,NA,NA,43.1,NA,NA,NA,NA,"41.5",NA,NA,NA,NA,0.5874,NA,47.09,NA,31.58,NA,NA,NA,150,NA
"119","Cuba","Caribbean","Americas",NA,NA,99.7,4.8,4.2,0.743,NA,"",11.4,NA,NA,11238317,0.7317,60.83,80.08,60.51,41.9,79,0,1.988,210,NA
"120","Djibouti","Eastern Africa","Africa",NA,NA,NA,NA,10.1,0.306,NA,"40.0",15.1,NA,NA,888000,NA,47.27,64.18,44.02,33.62,61,2.57,2.113,160,NA
"121","Dominica","Caribbean","Americas",NA,NA,NA,NA,21.1,0.607,NA,NA,NA,NA,NA,71293,NA,NA,NA,NA,NA,75,NA,NA,243.33,NA
"122","Dominican Republic","Caribbean","Americas",NA,NA,91.7,NA,22.1,0.59,NA,"45.7",4.1,NA,NA,10528000,0.6906,62.47,64.8,71.95,50.65,77,2.58,2.089,233.33,NA
"123","Egypt","Northern Africa","Africa",NA,NA,75.2,NA,3.4,0.573,NA,"30.8",1.7,NA,NA,90032000,0.6064,59.91,77.69,67.59,34.47,71,6.81,2.382,160,28.98
"124","El Salvador","Central America","Americas",NA,NA,88.3,5.7,41.2,0.553,NA,"41.8",13.6,26.84,NA,6401240,0.6863,64.31,68.38,68.81,55.75,72,0,2.263,220,NA
"125","Equatorial Guinea","Middle Africa","Africa",NA,NA,95.2,NA,19.3,0.415,NA,"",16.6,NA,NA,1222442,NA,NA,NA,NA,NA,55,0,1.987,173.33,NA
"126","Eritrea","Eastern Africa","Africa",NA,NA,73.7,NA,7.1,0.228,NA,NA,16.3,NA,NA,5228000,NA,NA,NA,NA,NA,63,1.64,2.309,146.67,NA
"127","Ethiopia","Eastern Africa","Africa",NA,NA,49,NA,12,0.317,NA,"29.8",11.5,NA,NA,90076012,0.6144,41.04,44.04,50.49,28.59,64,3.55,2.234,156.67,0
"128","Fiji","Melanesia","Oceania",NA,NA,NA,NA,4,0.767,NA,"42.8",7.3,NA,NA,867000,0.6286,NA,NA,NA,NA,69,NA,NA,223.33,NA
"129","Gabon","Middle Africa","Africa",NA,NA,83.1,3.3,9.1,0.589,NA,"41.5",8.2,NA,NA,1802278,NA,NA,61.91,NA,48.07,63,0,1.904,206.67,NA
"130","Gambia","Western Africa","Africa",NA,NA,55.5,3.7,10.2,0.346,NA,NA,5,NA,NA,NA,NA,NA,NA,NA,NA,61,0,2.086,NA,NA
"131","Georgia","Western Asia","Asia",NA,NA,99.7,NA,4.3,0.77,NA,"41.3",3.2,1.98,NA,3729500,0.6855,65.89,80.15,69.61,47.92,74,2.37,1.973,136.67,NA
"132","Ghana","Western Africa","Africa",NA,NA,76.5,4.9,6.1,0.553,NA,"42.8",3.1,NA,NA,27043093,0.6661,58.29,55.5,68.43,50.93,62,1.38,1.84,206.67,29.87
"133","Grenada","Caribbean","Americas",NA,NA,NA,3.9,13.3,0.724,NA,NA,NA,NA,NA,103328,NA,NA,NA,NA,NA,73,NA,NA,216.67,NA
"134","Guinea","Western Africa","Africa",NA,NA,30.4,NA,8.9,0.294,NA,"39.4",4.7,NA,NA,12609000,NA,39.6,40,51.2,27.59,58,1.19,2.214,170,NA
"135","Guinea-Bissau","Western Africa","Africa",NA,NA,59.9,5.7,8.4,0.325,NA,"35.5",4.7,NA,NA,1530673,NA,NA,NA,NA,NA,54,0.15,2.235,180,NA
"136","Guyana","South America","Americas",NA,NA,88.4,5.9,17,0.582,NA,"44.5",44.2,NA,NA,746900,0.701,60.42,68.8,60.57,51.89,63,0,2.029,240,NA
"137","Haiti","Caribbean","Americas",NA,NA,60.7,NA,10.2,0.374,NA,"59.2",2.8,NA,NA,10911819,NA,NA,36.02,NA,36.89,62,0,2.074,183.33,12.52
"138","Iran","Southern Asia","Asia",NA,NA,86.8,NA,3.9,0.683,NA,"38.3",5.2,NA,NA,78857100,NA,56.82,78.42,61.14,30.9,74,4.22,2.409,200,NA
"139","Iraq","Western Asia","Asia",NA,NA,79.6,NA,8,0.467,NA,"29.5",1.7,NA,NA,36004552,NA,48.35,63.11,55.29,26.67,70,10,3.444,NA,NA
"140","Kenya","Eastern Africa","Africa",NA,NA,77.9,NA,6.4,0.515,NA,"47.7",16.2,NA,NA,46050000,0.7258,51.67,46.48,68.17,40.36,61,6.66,2.342,186.67,37.48
"141","Kiribati","Micronesia","Oceania",NA,NA,NA,NA,8.2,0.602,NA,NA,NA,NA,NA,113400,NA,NA,NA,NA,NA,66,NA,NA,NA,NA
"142","Korea, Democratic People's Republic of",NA,NA,NA,NA,99.9,NA,NA,NA,NA,NA,NA,NA,NA,NA,NA,NA,NA,NA,NA,NA,NA,NA,NA,NA
"143","Korea, Republic of",NA,NA,NA,NA,NA,NA,NA,NA,NA,NA,NA,NA,NA,NA,NA,NA,NA,NA,NA,NA,NA,NA,NA,NA
"144","Kyrgyzstan","Central Asia","Asia",NA,NA,99.5,NA,9.1,0.656,NA,"36.2",9.2,1.01,NA,5975000,NA,58.58,67.87,61.16,46.7,69,1.72,2.249,220,NA
"145","Laos","South-Eastern Asia","Asia",NA,NA,79.8,NA,5.9,NA,NA,"36.7",8.8,NA,NA,6802000,0.7044,52.41,60.43,61.7,35.09,NA,0.04,1.7,180,NA
"146","Latvia","Northern Europe","Europe",NA,NA,99.8,5.4,4.7,0.813,NA,"36.6",16.2,1.43,13,1973700,0.7691,74.12,83.84,77.76,60.75,74,0,1.695,156.67,NA
"147","Lebanon","Western Asia","Asia",NA,NA,93.9,NA,2.2,0.631,NA,"",0.9,NA,NA,4168000,0.5923,61.85,75.69,65.89,43.97,80,6.38,2.623,186.67,NA
"148","Lesotho","Southern Africa","Africa",NA,NA,79.3,4.7,38,0.504,NA,"52.5",6.1,NA,NA,1894194,0.7255,52.27,48.62,55.82,52.35,50,0,1.891,143.33,NA
"149","Liberia","Western Africa","Africa",NA,NA,47.6,NA,3.2,0.367,NA,"38.2",4.3,NA,NA,4503000,NA,44.89,41.15,53.23,40.3,62,1.22,1.963,NA,NA
"150","Liechtenstein","Western Europe","Europe",NA,NA,NA,NA,0,0.762,NA,NA,NA,NA,NA,37370,NA,NA,NA,NA,NA,NA,NA,NA,NA,NA
"151","Macedonia","Southern Europe","Europe",NA,NA,97.8,NA,1.4,NA,NA,"43.2",NA,1.69,NA,2069172,0.6943,67.79,83.53,67.04,52.8,76,2.25,1.944,NA,NA
"152","Madagascar","Eastern Africa","Africa",NA,NA,64.6,4.9,11.1,0.458,NA,"44.1",11,NA,NA,22434363,0.7214,44.5,41.93,53.53,38.04,64,2.44,1.911,193.33,NA
"153","Malawi","Eastern Africa","Africa",NA,NA,65.7,5.7,1.8,0.44,NA,"39.0",16,NA,NA,16310431,0.7281,48.95,46.42,57.31,43.12,59,0,1.814,153.33,18.87
"154","Maldives","Southern Asia","Asia",NA,NA,99.3,4.9,3.9,0.548,NA,"37.4",6.4,NA,NA,341256,0.6557,NA,NA,NA,NA,77,NA,NA,220,NA
"155","Mali","Western Africa","Africa",NA,NA,38.7,NA,7.5,0.305,NA,"33.0",4.8,NA,NA,17600000,0.5779,46.51,48.48,52.45,38.6,57,5.87,2.31,176.67,11.14
"156","Marshall Islands",NA,NA,NA,NA,NA,NA,NA,NA,NA,NA,NA,NA,NA,54880,NA,NA,NA,NA,NA,70,NA,NA,NA,NA
"157","Mauritania","Western Africa","Africa",NA,NA,52.1,NA,5,0.352,NA,"40.5",2.9,NA,NA,3631775,0.6029,45.85,47.73,59.08,30.73,63,0.31,2.262,176.67,NA
"158","Micronesia","Micronesia","Oceania",NA,NA,NA,NA,4.6,NA,NA,NA,NA,NA,NA,NA,NA,NA,NA,NA,NA,69,NA,NA,NA,NA
"159","Monaco","Western Europe","Europe",NA,NA,NA,NA,0,NA,NA,NA,NA,NA,NA,37800,NA,NA,NA,NA,NA,82,NA,NA,NA,NA
"160","Mongolia","Eastern Asia","Asia",NA,NA,98.3,3.7,9.7,0.694,NA,"36.5",9.8,NA,NA,3055556,0.7212,61.52,58.36,64.49,61.71,67,0,1.706,223.33,NA
"161","Morocco","Northern Africa","Africa",NA,NA,72.3,NA,2.2,0.468,NA,"40.9",5.3,NA,NA,33337529,0.5988,59.56,76.64,64.14,37.89,71,1.45,2.002,186.67,40.28
"162","Mozambique","Eastern Africa","Africa",NA,NA,58.7,4.9,12.4,0.372,NA,"45.7",27.4,NA,NA,25727911,0.737,46.02,43.13,53.49,41.43,53,4.39,1.976,180,15.46
"163","Myanmar","South-Eastern Asia","Asia",NA,NA,93,NA,15.2,0.371,NA,"",13.1,NA,NA,53897000,NA,46.12,58.87,49.19,30.28,66,4.08,2.323,176.67,3.03
"164","Namibia","Southern Africa","Africa",NA,NA,81.9,5.3,17.2,0.52,NA,"61.3",2.7,NA,NA,2113077,0.7219,62.71,59.73,71.93,56.47,67,0,1.784,216.67,25.97
"165","Nauru","Micronesia","Oceania",NA,NA,NA,NA,1.3,NA,NA,NA,NA,NA,NA,10084,NA,NA,NA,NA,NA,79,NA,NA,NA,NA
"166","Nepal","Southern Asia","Asia",NA,NA,64.6,NA,2.9,0.452,NA,"32.8",24.9,NA,NA,28037904,0.6458,55.33,62.54,62.71,40.74,68,4.79,1.878,183.33,23.95
"167","Niger","Western Africa","Africa",NA,NA,19.1,NA,4.7,0.198,NA,"34.6",3.5,NA,NA,19899000,NA,40.56,40.55,48.99,32.15,59,3.49,2.32,150,NA
"168","Palau","Micronesia","Oceania",NA,NA,99.5,NA,3.1,0.787,NA,NA,NA,NA,NA,17950,NA,NA,NA,NA,NA,73,NA,NA,NA,NA
"169","Papua New Guinea","Melanesia","Oceania",NA,NA,64.2,NA,10.4,0.376,NA,"50.9",12.4,NA,NA,8083700,NA,NA,NA,55.39,NA,62,0,2.064,210,NA
"170","Rwanda","Eastern Africa","Africa",NA,NA,70.5,NA,23.1,0.478,NA,"50.8",11.9,NA,NA,11262564,NA,51.6,52.52,60.63,41.67,65,3.33,2.42,146.67,23.34
"171","Saint Kitts and Nevis","Caribbean","Americas",NA,NA,NA,NA,33.6,0.638,NA,NA,NA,NA,NA,56000,NA,NA,NA,NA,NA,74,NA,NA,246.67,NA
"172","Saint Lucia","Caribbean","Americas",NA,NA,NA,NA,21.6,0.631,NA,NA,NA,NA,NA,185000,NA,NA,NA,NA,NA,75,NA,NA,233.33,NA
"173","Saint Vincent and the Grenadines","Caribbean","Americas",NA,NA,NA,NA,25.6,0.657,NA,NA,NA,NA,NA,109991,NA,NA,NA,NA,NA,74,NA,NA,240,NA
"174","Samoa","Polynesia","Oceania",NA,NA,99,4.8,3.6,0.702,NA,NA,NA,NA,NA,187820,NA,NA,NA,NA,NA,73,NA,NA,230,NA
"175","San Marino","Southern Europe","Europe",NA,NA,NA,NA,0.7,NA,NA,NA,NA,NA,NA,32831,NA,NA,NA,NA,NA,83,NA,NA,NA,NA
"176","Sao Tome and Principe","Middle Africa","Africa",NA,NA,74.9,NA,3.3,0.469,NA,"50.8",NA,NA,NA,NA,NA,NA,NA,NA,NA,67,NA,NA,NA,NA
"177","Senegal","Western Africa","Africa",NA,NA,55.6,NA,2.8,0.368,NA,"39.2",5.4,NA,NA,13508715,0.6912,56.46,60.35,65.97,43.07,64,3.47,1.805,186.67,21.67
"178","Serbia","Southern Europe","Europe",NA,NA,98.1,NA,1.2,0.695,NA,"27.8",12.4,3.9,NA,7114393,0.7086,69.79,83.38,74.74,51.25,75,0.41,1.768,NA,NA
"179","Seychelles","Eastern Africa","Africa",NA,NA,95.2,4.8,9.5,0.636,NA,"65.8",NA,NA,NA,91400,NA,NA,NA,NA,NA,74,NA,NA,246.67,NA
"180","Sierra Leone","Western Africa","Africa",NA,NA,48,5.9,1.9,0.305,NA,"42.5",7.7,NA,NA,6453000,NA,NA,34.43,NA,36.16,46,0,1.864,166.67,13.44
"181","Solomon Islands","Melanesia","Oceania",NA,NA,NA,NA,4.3,0.405,NA,NA,10.6,NA,NA,642000,NA,NA,NA,NA,NA,69,NA,NA,230,NA
"182","Somalia","Eastern Africa","Africa",NA,NA,NA,NA,8,NA,NA,"",12.4,NA,NA,10787000,NA,NA,NA,NA,NA,53,7.6,3.307,NA,NA
"183","South Sudan","Eastern Africa","Africa",NA,NA,31.9,NA,13.9,NA,NA,"45.5",19.8,NA,NA,11892934,NA,NA,NA,NA,NA,55,6.71,3.383,NA,NA
"184","Sri Lanka","Southern Asia","Asia",NA,NA,92.6,NA,3.4,0.738,NA,"36.4",28.8,NA,NA,20675000,0.6903,60.1,71.12,67.03,42.14,75,4.08,2.188,203.33,NA
"185","Sudan","Northern Africa","Africa",NA,NA,75.8,NA,11.2,0.306,NA,"35.3",17.2,NA,NA,38435252,NA,NA,NA,NA,25.14,63,6.69,3.295,120,NA
"186","Swaziland","Southern Africa","Africa",NA,NA,87.4,3.6,33.8,0.551,NA,"51.5",6.2,37.16,NA,1119375,NA,50.94,53.34,57.02,42.45,54,0,2.102,140,NA
"187","Syria","Western Asia","Asia",NA,NA,86.4,NA,2.2,NA,NA,"35.8",0.4,NA,NA,23522089,0.5775,NA,NA,56.14,24.25,NA,8.11,3.645,170,NA
"188","Tajikistan","Central Asia","Asia",NA,NA,99.7,NA,1.6,0.639,NA,"30.8",4.2,NA,NA,8354000,0.6654,56.49,62.58,63.09,43.79,68,1.87,2.152,203.33,NA
"189","Tanzania, United Republic of",NA,NA,NA,NA,80.3,NA,NA,NA,NA,NA,NA,NA,NA,NA,NA,NA,NA,NA,NA,NA,NA,NA,NA,NA
"190","Timor-Leste","South-Eastern Asia","Asia",NA,NA,67.5,NA,3.6,0.472,NA,"31.9",8,NA,NA,NA,NA,NA,50.55,59.34,NA,66,0,1.86,NA,NA
"191","Togo","Western Africa","Africa",NA,NA,66.5,4.8,10.3,0.514,NA,"34.4",5.5,NA,NA,6974000,NA,46.66,45.11,59.4,35.46,58,0,1.944,163.33,NA
"192","Tonga","Polynesia","Oceania",NA,NA,99.3,NA,1,0.72,NA,NA,NA,NA,NA,103252,NA,NA,NA,NA,NA,71,NA,NA,220,NA
"193","Trinidad and Tobago","Caribbean","Americas",NA,NA,98.9,4.4,28.3,0.7,NA,"40.3",13,NA,NA,1340557,0.7154,NA,75.18,NA,63.83,70,1.58,2.07,230,NA
"194","Tunisia","Northern Africa","Africa",NA,NA,81.7,NA,2.2,0.621,NA,"41.4",2.4,NA,NA,10982754,0.6272,64.92,81.13,68.43,45.2,76,3.7,1.952,213.33,51.93
"195","Tuvalu","Polynesia","Oceania",NA,NA,NA,NA,4.2,NA,NA,NA,NA,NA,NA,10640,NA,NA,NA,NA,NA,68,NA,NA,NA,NA
"196","Uganda","Eastern Africa","Africa",NA,NA,73.8,NA,10.7,0.479,NA,"44.3",19.5,NA,NA,34856813,0.6821,49.49,47.91,61.54,39.02,57,4.89,2.179,156.67,24.62
"197","United States of America",NA,NA,NA,NA,NA,NA,NA,NA,NA,NA,NA,NA,NA,NA,NA,NA,NA,NA,NA,NA,NA,2.038,NA,NA
"198","Vanuatu","Melanesia","Oceania",NA,NA,85.2,NA,2.9,0.596,NA,NA,NA,NA,NA,277500,NA,NA,NA,NA,NA,72,NA,NA,246.67,NA
"199","Yemen","Western Asia","Asia",NA,NA,70,NA,4.8,0.339,NA,"37.7",3.7,NA,NA,25956000,0.5145,40.3,49.72,50.07,21.12,64,7.64,2.751,206.67,5.17
"200","Zambia","Eastern Africa","Africa",NA,NA,63.3,NA,10.7,0.591,NA,"54.6",15.7,NA,NA,15473905,0.6364,51.62,43.87,64.82,46.19,57,0,1.846,163.33,22.75
"201","Zimbabwe","Eastern Africa","Africa",NA,NA,86.5,NA,10.6,0.5,NA,"50.1",18.1,0.39,NA,13061239,0.7013,NA,45.16,NA,33.4,58,1.71,2.294,110,18.43
"202","Cape Verde","Western Africa","Africa",NA,NA,NA,4.2,10.3,0.483,NA,"50.5",NA,NA,NA,524833,0.7133,NA,NA,70.5,NA,NA,NA,NA,193.33,NA
"203","F.S. Micronesia",NA,NA,NA,NA,NA,4.2,NA,NA,NA,NA,NA,NA,NA,NA,NA,NA,NA,NA,NA,NA,NA,NA,NA,NA
"204","São Tomé and Príncipe",NA,NA,NA,NA,NA,4.8,NA,NA,NA,NA,NA,NA,NA,187356,NA,NA,NA,NA,NA,NA,NA,NA,223.33,NA
"205","Mayotte (France)","Eastern Africa","Africa",NA,NA,NA,NA,6,NA,NA,NA,NA,NA,NA,212645,NA,NA,NA,NA,NA,NA,NA,NA,NA,NA
"206","Réunion (France)","Eastern Africa","Africa",NA,NA,NA,NA,1.8,NA,NA,NA,NA,NA,NA,844994,NA,NA,NA,NA,NA,NA,NA,NA,NA,NA
"207","Tanzania","Eastern Africa","Africa",NA,NA,NA,NA,12.7,0.426,NA,"37.6",24.9,NA,NA,53470000,0.7182,47.14,41.39,58.23,41.79,NA,3.98,1.903,183.33,21.33
"208","Democratic Republic of the Congo","Middle Africa","Africa",NA,NA,NA,NA,28.3,0.372,NA,NA,10.1,NA,NA,85026000,NA,NA,NA,NA,NA,52,6.49,3.085,110,NA
"209","Ivory Coast","Western Africa","Africa",NA,NA,NA,NA,13.6,NA,NA,NA,NA,NA,NA,22671331,NA,NA,NA,NA,NA,NA,NA,NA,NA,NA
"210","Anguilla (UK)","Caribbean","Americas",NA,NA,NA,NA,7.5,NA,NA,NA,NA,NA,NA,13452,NA,NA,NA,NA,NA,NA,NA,NA,NA,NA
"211","Aruba (Netherlands)","Caribbean","Americas",NA,NA,NA,NA,3.9,NA,NA,NA,NA,NA,NA,107394,NA,NA,NA,NA,NA,NA,NA,NA,NA,NA
"212","British Virgin Islands (UK)","Caribbean","Americas",NA,NA,NA,NA,8.4,NA,NA,NA,NA,NA,NA,28054,NA,NA,NA,NA,NA,NA,NA,NA,NA,NA
"213","Cayman Islands (UK)","Caribbean","Americas",NA,NA,NA,NA,14.7,NA,NA,NA,NA,NA,NA,58238,NA,NA,NA,NA,NA,NA,NA,NA,NA,NA
"214","Guadeloupe (France)","Caribbean","Americas",NA,NA,NA,NA,7.9,NA,NA,NA,NA,NA,NA,403750,NA,NA,NA,NA,NA,NA,NA,NA,NA,NA
"215","Martinique (France)","Caribbean","Americas",NA,NA,NA,NA,2.7,NA,NA,NA,NA,NA,NA,381326,NA,NA,NA,NA,NA,NA,NA,NA,NA,NA
"216","Montserrat (UK)","Caribbean","Americas",NA,NA,NA,NA,20.4,NA,NA,NA,NA,NA,NA,4922,NA,NA,NA,NA,NA,NA,NA,NA,NA,NA
"217","Puerto Rico (US)","Caribbean","Americas",NA,NA,NA,NA,26.5,NA,NA,NA,NA,NA,NA,NA,NA,NA,NA,NA,NA,NA,NA,NA,NA,NA
"218","Turks and Caicos Islands (UK)","Caribbean","Americas",NA,NA,NA,NA,6.6,NA,NA,NA,NA,NA,NA,31458,NA,NA,NA,NA,NA,NA,NA,NA,NA,NA
"219","United States Virgin Islands (US)","Caribbean","Americas",NA,NA,NA,NA,52.6,NA,NA,NA,NA,NA,NA,NA,NA,NA,NA,NA,NA,NA,NA,NA,NA,NA
"220","Bermuda (UK)","Northern America","Americas",NA,NA,NA,NA,7.7,NA,NA,NA,NA,NA,NA,64237,NA,NA,NA,NA,NA,NA,NA,NA,NA,NA
"221","Saint Pierre and Miquelon (France)","Northern America","Americas",NA,NA,NA,NA,16.5,NA,NA,NA,NA,NA,NA,6069,NA,NA,NA,NA,NA,NA,NA,NA,NA,NA
"222","French Guiana (France)","South America","Americas",NA,NA,NA,NA,13.3,NA,NA,NA,NA,NA,NA,239648,NA,NA,NA,NA,NA,NA,NA,NA,NA,NA
"223","Macao","Eastern Asia","Asia",NA,NA,NA,NA,1.4,NA,NA,NA,NA,NA,NA,NA,NA,NA,NA,NA,NA,NA,NA,NA,NA,NA
"224","North Korea","Eastern Asia","Asia",NA,NA,NA,NA,5.2,NA,NA,"",NA,NA,NA,25155000,NA,NA,NA,NA,NA,NA,0,2.977,NA,NA
"225","Brunei","South-Eastern Asia","Asia",NA,NA,NA,NA,2,NA,NA,NA,6.4,NA,NA,393372,NA,NA,NA,NA,NA,NA,NA,NA,253.33,NA
"226","Palestine","Western Asia","Asia",NA,NA,NA,NA,7.4,NA,NA,"35.5",NA,NA,NA,4682467,NA,NA,NA,NA,NA,NA,NA,NA,NA,NA
"227","Greenland (Denmark)","Northern Europe","Europe",NA,NA,NA,NA,19.4,NA,NA,NA,NA,NA,NA,56114,NA,NA,NA,NA,NA,NA,NA,NA,NA,NA
"228","New Caledonia (France)","Melanesia","Oceania",NA,NA,NA,NA,3.3,NA,NA,NA,NA,NA,NA,268767,NA,NA,NA,NA,NA,NA,NA,NA,NA,NA
"229","Guam (US)","Micronesia","Oceania",NA,NA,NA,NA,2.5,NA,NA,NA,NA,NA,NA,NA,NA,NA,NA,NA,NA,NA,NA,NA,NA,NA
"230","Cook Islands","Polynesia","Oceania",NA,NA,NA,NA,3.1,NA,NA,NA,NA,NA,NA,19100,NA,NA,NA,NA,NA,76,NA,NA,NA,NA
"231","French Polynesia (France)","Polynesia","Oceania",NA,NA,NA,NA,0.4,NA,NA,NA,NA,NA,NA,268270,NA,NA,NA,NA,NA,NA,NA,NA,NA,NA
"232","Niue","Polynesia","Oceania",NA,NA,NA,NA,3.6,NA,NA,NA,NA,NA,NA,1470,NA,NA,NA,NA,NA,74,NA,NA,NA,NA
"233","Cote d'Ivoire",NA,NA,NA,NA,NA,NA,NA,0.389,NA,NA,7.4,NA,NA,NA,NA,NA,NA,NA,NA,53,3.14,2.133,NA,NA
"234","Democratic People's Republic of Korea",NA,NA,NA,NA,NA,NA,NA,NA,NA,NA,NA,NA,NA,NA,NA,NA,NA,NA,NA,70,NA,NA,NA,NA
"235","Republic of Korea",NA,NA,NA,NA,NA,NA,NA,0.865,NA,NA,NA,NA,NA,NA,NA,NA,NA,NA,NA,81,NA,NA,NA,NA
"236","Lao People's Democratic Republic",NA,NA,NA,NA,NA,NA,NA,0.436,NA,NA,NA,NA,NA,NA,NA,NA,NA,NA,NA,66,NA,NA,NA,NA
"237","Federated States of Micronesia",NA,NA,NA,NA,NA,NA,NA,0.611,NA,NA,NA,NA,NA,102800,NA,NA,NA,NA,NA,NA,NA,NA,NA,NA
"238","Moldova (Republic of)",NA,NA,NA,NA,NA,NA,NA,0.653,NA,NA,NA,NA,NA,NA,NA,NA,NA,NA,NA,NA,NA,NA,NA,NA
"239","State of Palestine",NA,NA,NA,NA,NA,NA,NA,0.662,NA,NA,NA,NA,NA,NA,NA,NA,NA,NA,NA,NA,NA,NA,NA,NA
"240","Russian Federation",NA,NA,NA,NA,NA,NA,NA,0.78,NA,NA,NA,NA,NA,NA,0.6927,NA,NA,NA,NA,69,NA,NA,NA,NA
"241","Syrian Arab Republic",NA,NA,NA,NA,NA,NA,NA,0.553,NA,NA,NA,NA,NA,NA,NA,NA,NA,NA,NA,68,NA,NA,NA,NA
"242","Republic of Macedonia",NA,NA,NA,NA,NA,NA,NA,0.642,NA,NA,5.2,NA,NA,NA,NA,NA,NA,NA,NA,NA,NA,NA,163.33,NA
"243","Slovak Republic",NA,NA,NA,NA,NA,NA,NA,NA,15076,NA,NA,NA,NA,NA,0.6806,NA,NA,NA,NA,NA,NA,NA,NA,NA
"244","DR Congo",NA,NA,NA,NA,NA,NA,NA,NA,NA,"44.4",NA,NA,NA,NA,NA,NA,NA,NA,NA,NA,NA,NA,NA,NA
"245","European Union",NA,NA,NA,NA,NA,NA,NA,NA,NA,"",NA,NA,NA,NA,NA,NA,NA,NA,NA,NA,NA,NA,NA,NA
"246","The Gambia",NA,NA,NA,NA,NA,NA,NA,NA,NA,"47.3",NA,NA,NA,1882450,NA,NA,57.9,55.36,NA,NA,NA,NA,190,NA
"247","Macau",NA,NA,NA,NA,NA,NA,NA,NA,NA,"",NA,NA,NA,NA,NA,NA,NA,NA,NA,NA,NA,NA,NA,NA
"248","St. Lucia",NA,NA,NA,NA,NA,NA,NA,NA,NA,"42.6",NA,NA,NA,NA,NA,NA,NA,NA,NA,NA,NA,NA,NA,NA
"249","Viet Nam",NA,NA,NA,NA,NA,NA,NA,NA,NA,NA,5,NA,NA,NA,NA,NA,NA,NA,NA,NA,NA,NA,NA,NA
"250","Hong Kong (China)",NA,NA,NA,NA,NA,NA,NA,NA,NA,NA,NA,NA,NA,7298600,NA,NA,NA,NA,NA,NA,NA,NA,NA,NA
"251","Republic of the Congo",NA,NA,NA,NA,NA,NA,NA,NA,NA,NA,NA,NA,NA,4620000,NA,NA,NA,NA,NA,NA,NA,2.196,190,NA
"252","Puntland (Somalia)",NA,NA,NA,NA,NA,NA,NA,NA,NA,NA,NA,NA,NA,3900000,NA,NA,NA,NA,NA,NA,NA,NA,NA,NA
"253","Puerto Rico (U.S.)",NA,NA,NA,NA,NA,NA,NA,NA,NA,NA,NA,NA,NA,3548397,NA,NA,NA,NA,NA,NA,NA,NA,NA,NA
"254","Somaliland (Somalia)",NA,NA,NA,NA,NA,NA,NA,NA,NA,NA,NA,NA,NA,3500000,NA,NA,NA,NA,NA,NA,NA,NA,NA,NA
"255","East Timor",NA,NA,NA,NA,NA,NA,NA,NA,NA,NA,NA,NA,NA,1167242,NA,NA,NA,NA,NA,NA,NA,NA,220,NA
"256","Macau (China)",NA,NA,NA,NA,NA,NA,NA,NA,NA,NA,NA,NA,NA,643100,NA,NA,NA,NA,NA,NA,NA,NA,NA,NA
"257","Western Sahara",NA,NA,NA,NA,NA,NA,NA,NA,NA,NA,NA,NA,NA,510713,NA,NA,NA,NA,NA,NA,NA,NA,NA,NA
"258","Transnistria",NA,NA,NA,NA,NA,NA,NA,NA,NA,NA,NA,NA,NA,505153,NA,NA,NA,NA,NA,NA,NA,NA,NA,NA
"259","The Bahamas",NA,NA,NA,NA,NA,NA,NA,NA,NA,NA,NA,NA,NA,368390,NA,NA,NA,NA,NA,NA,NA,NA,256.67,NA
"260","Northern Cyprus",NA,NA,NA,NA,NA,NA,NA,NA,NA,NA,NA,NA,NA,294396,NA,NA,NA,NA,NA,NA,NA,NA,NA,NA
"261","Abkhazia",NA,NA,NA,NA,NA,NA,NA,NA,NA,NA,NA,NA,NA,240705,NA,NA,NA,NA,NA,NA,NA,NA,NA,NA
"262","Guam (U.S.)",NA,NA,NA,NA,NA,NA,NA,NA,NA,NA,NA,NA,NA,159358,NA,NA,NA,NA,NA,NA,NA,NA,NA,NA
"263","Curaçao (Netherlands)",NA,NA,NA,NA,NA,NA,NA,NA,NA,NA,NA,NA,NA,154843,NA,NA,NA,NA,NA,NA,NA,NA,NA,NA
"264","Nagorno-Karabakh Republic",NA,NA,NA,NA,NA,NA,NA,NA,NA,NA,NA,NA,NA,146573,NA,NA,NA,NA,NA,NA,NA,NA,NA,NA
"265","United States Virgin Islands (U.S.)",NA,NA,NA,NA,NA,NA,NA,NA,NA,NA,NA,NA,NA,106405,NA,NA,NA,NA,NA,NA,NA,NA,NA,NA
"266","Jersey (UK)",NA,NA,NA,NA,NA,NA,NA,NA,NA,NA,NA,NA,NA,100800,NA,NA,NA,NA,NA,NA,NA,NA,NA,NA
"267","Isle of Man (UK)",NA,NA,NA,NA,NA,NA,NA,NA,NA,NA,NA,NA,NA,84497,NA,NA,NA,NA,NA,NA,NA,NA,NA,NA
"268","Ceuta (Spain)",NA,NA,NA,NA,NA,NA,NA,NA,NA,NA,NA,NA,NA,82376,NA,NA,NA,NA,NA,NA,NA,NA,NA,NA
"269","Melilla (Spain)",NA,NA,NA,NA,NA,NA,NA,NA,NA,NA,NA,NA,NA,78476,NA,NA,NA,NA,NA,NA,NA,NA,NA,NA
"270","Guernsey (UK)",NA,NA,NA,NA,NA,NA,NA,NA,NA,NA,NA,NA,NA,65150,NA,NA,NA,NA,NA,NA,NA,NA,NA,NA
"271","American Samoa (U.S.)",NA,NA,NA,NA,NA,NA,NA,NA,NA,NA,NA,NA,NA,55519,NA,NA,NA,NA,NA,NA,NA,NA,NA,NA
"272","Northern Mariana Islands (U.S.)",NA,NA,NA,NA,NA,NA,NA,NA,NA,NA,NA,NA,NA,53883,NA,NA,NA,NA,NA,NA,NA,NA,NA,NA
"273","South Ossetia",NA,NA,NA,NA,NA,NA,NA,NA,NA,NA,NA,NA,NA,51547,NA,NA,NA,NA,NA,NA,NA,NA,NA,NA
"274","Faroe Islands (Denmark)",NA,NA,NA,NA,NA,NA,NA,NA,NA,NA,NA,NA,NA,49179,NA,NA,NA,NA,NA,NA,NA,NA,NA,NA
"275","Sint Maarten (Netherlands)",NA,NA,NA,NA,NA,NA,NA,NA,NA,NA,NA,NA,NA,38247,NA,NA,NA,NA,NA,NA,NA,NA,NA,NA
"276","Saint-Martin (France)",NA,NA,NA,NA,NA,NA,NA,NA,NA,NA,NA,NA,NA,36522,NA,NA,NA,NA,NA,NA,NA,NA,NA,NA
"277","Gibraltar (UK)",NA,NA,NA,NA,NA,NA,NA,NA,NA,NA,NA,NA,NA,32734,NA,NA,NA,NA,NA,NA,NA,NA,NA,NA
"278","Åland Islands (Finland)",NA,NA,NA,NA,NA,NA,NA,NA,NA,NA,NA,NA,NA,28875,NA,NA,NA,NA,NA,NA,NA,NA,NA,NA
"279","Bonaire (Netherlands)",NA,NA,NA,NA,NA,NA,NA,NA,NA,NA,NA,NA,NA,17408,NA,NA,NA,NA,NA,NA,NA,NA,NA,NA
"280","Wallis and Futuna (France)",NA,NA,NA,NA,NA,NA,NA,NA,NA,NA,NA,NA,NA,11750,NA,NA,NA,NA,NA,NA,NA,NA,NA,NA
"281","Saint Barthélemy (France)",NA,NA,NA,NA,NA,NA,NA,NA,NA,NA,NA,NA,NA,9269,NA,NA,NA,NA,NA,NA,NA,NA,NA,NA
"282","Sint Eustatius (Netherlands)",NA,NA,NA,NA,NA,NA,NA,NA,NA,NA,NA,NA,NA,4020,NA,NA,NA,NA,NA,NA,NA,NA,NA,NA
"283","Saint Helena, Ascension and Tristan da Cunha (UK)",NA,NA,NA,NA,NA,NA,NA,NA,NA,NA,NA,NA,NA,4000,NA,NA,NA,NA,NA,NA,NA,NA,NA,NA
"284","Falkland Islands (UK)",NA,NA,NA,NA,NA,NA,NA,NA,NA,NA,NA,NA,NA,3000,NA,NA,NA,NA,NA,NA,NA,NA,NA,NA
"285","Svalbard and Jan Mayen (Norway)",NA,NA,NA,NA,NA,NA,NA,NA,NA,NA,NA,NA,NA,2562,NA,NA,NA,NA,NA,NA,NA,NA,NA,NA
"286","Norfolk Island (Australia)",NA,NA,NA,NA,NA,NA,NA,NA,NA,NA,NA,NA,NA,2302,NA,NA,NA,NA,NA,NA,NA,NA,NA,NA
"287","Christmas Island (Australia)",NA,NA,NA,NA,NA,NA,NA,NA,NA,NA,NA,NA,NA,2072,NA,NA,NA,NA,NA,NA,NA,NA,NA,NA
"288","Saba (Netherlands)",NA,NA,NA,NA,NA,NA,NA,NA,NA,NA,NA,NA,NA,1991,NA,NA,NA,NA,NA,NA,NA,NA,NA,NA
"289","Tokelau (NZ)",NA,NA,NA,NA,NA,NA,NA,NA,NA,NA,NA,NA,NA,1411,NA,NA,NA,NA,NA,NA,NA,NA,NA,NA
"290","Vatican City",NA,NA,NA,NA,NA,NA,NA,NA,NA,NA,NA,NA,NA,839,NA,NA,NA,NA,NA,NA,NA,NA,NA,NA
"291","Cocos (Keeling) Islands (Australia)",NA,NA,NA,NA,NA,NA,NA,NA,NA,NA,NA,NA,NA,550,NA,NA,NA,NA,NA,NA,NA,NA,NA,NA
"292","Wake Island (U.S.)",NA,NA,NA,NA,NA,NA,NA,NA,NA,NA,NA,NA,NA,188,NA,NA,NA,NA,NA,NA,NA,NA,NA,NA
"293","French Southern and Antarctic Lands (France)",NA,NA,NA,NA,NA,NA,NA,NA,NA,NA,NA,NA,NA,140,NA,NA,NA,NA,NA,NA,NA,NA,NA,NA
"294","Midway Atoll (U.S.)",NA,NA,NA,NA,NA,NA,NA,NA,NA,NA,NA,NA,NA,60,NA,NA,NA,NA,NA,NA,NA,NA,NA,NA
"295","Pitcairn Islands (UK)",NA,NA,NA,NA,NA,NA,NA,NA,NA,NA,NA,NA,NA,56,NA,NA,NA,NA,NA,NA,NA,NA,NA,NA
"296","Gambia, The",NA,NA,NA,NA,NA,NA,NA,NA,NA,NA,NA,NA,NA,NA,NA,NA,NA,NA,NA,NA,NA,NA,NA,NA
"297","Iran, Islamic Rep.",NA,NA,NA,NA,NA,NA,NA,NA,NA,NA,NA,NA,NA,NA,0.5811,NA,NA,NA,NA,NA,NA,NA,NA,NA
"298","Korea, Rep.",NA,NA,NA,NA,NA,NA,NA,NA,NA,NA,NA,NA,NA,NA,0.6403,NA,NA,NA,NA,NA,NA,NA,NA,NA
"299","Kyrgyz Republic",NA,NA,NA,NA,NA,NA,NA,NA,NA,NA,NA,NA,NA,NA,0.6974,NA,NA,NA,NA,NA,NA,NA,NA,NA
"300","Democratic Republic of Congo",NA,NA,NA,NA,NA,NA,NA,NA,NA,NA,NA,NA,NA,NA,NA,NA,NA,NA,NA,NA,NA,NA,NA,NA
"301","Republic of Moldova",NA,NA,NA,NA,NA,NA,NA,NA,NA,NA,NA,NA,NA,NA,NA,NA,NA,NA,NA,71,NA,NA,NA,NA
"302","United Republic of Tanzania",NA,NA,NA,NA,NA,NA,NA,NA,NA,NA,NA,NA,NA,NA,NA,NA,NA,NA,NA,61,NA,NA,NA,NA
"303","People's Republic of China",NA,NA,NA,NA,NA,NA,NA,NA,NA,NA,NA,NA,NA,NA,NA,NA,NA,NA,NA,NA,NA,2.267,NA,NA
"304","Palestinian Authority",NA,NA,NA,NA,NA,NA,NA,NA,NA,NA,NA,NA,NA,NA,NA,NA,NA,NA,NA,NA,NA,NA,180,NA
